record_id,site_id,site_profile,region_group,sequence_index,year,epi_week,week_start,high_respiratory_infection,influenza,pneumonia,bronchial_crisis,other_respiratory,covid19_identified,covid19_unidentified,respiratory_total,age_lt1,age_1_4,age_5_14,age_15_64,age_65_plus,mean_temperature_c,precipitation_mm,holiday_week,school_vacation_week,outbreak_intensity,data_quality_flag,recommended_split,is_synthetic,generator_seed,dataset_version,high_resp_lag_1,high_resp_lag_2,high_resp_lag_4,high_resp_lag_52,high_resp_roll4_mean,high_resp_roll8_mean,sin_week,cos_week
H09-2022-W01,H09,reference_tertiary,central,1,2022,1,2022-01-03,448,13,32,48,143,97,41,822,45,113,188,394,82,20.59,3.43,1,0,0.0,complete,train,1,20260805,1.0.0,,,,,,,0.12053668025532305,0.992708874098054
H09-2022-W02,H09,reference_tertiary,central,2,2022,2,2022-01-10,379,17,25,63,129,96,29,738,44,87,147,371,89,19.78,3.07,0,0,0.0283,complete,train,1,20260805,1.0.0,448.0,,,,,,0.23931566428755774,0.970941817426052
H09-2022-W03,H09,reference_tertiary,central,3,2022,3,2022-01-17,410,19,37,50,165,101,37,819,48,116,172,388,95,19.73,1.56,0,0,0.0,complete,train,1,20260805,1.0.0,379.0,448.0,,,,,0.3546048870425356,0.9350162426854148
H09-2022-W04,H09,reference_tertiary,central,4,2022,4,2022-01-24,406,25,22,64,169,103,27,816,45,127,160,389,95,21.5,0.88,0,0,0.0879,complete,train,1,20260805,1.0.0,410.0,379.0,,,,,0.4647231720437685,0.8854560256532099
H09-2022-W05,H09,reference_tertiary,central,5,2022,5,2022-01-31,478,18,41,53,158,115,44,907,49,129,150,478,101,19.12,9.71,0,0,0.0,complete,train,1,20260805,1.0.0,406.0,410.0,448.0,,410.75,,0.5680647467311558,0.8229838658936564
H09-2022-W06,H09,reference_tertiary,central,6,2022,6,2022-02-07,519,29,27,61,159,103,32,930,52,114,188,462,114,19.41,8.65,0,0,0.0872,complete,train,1,20260805,1.0.0,478.0,406.0,379.0,,418.25,,0.6631226582407952,0.7485107481711011
H09-2022-W07,H09,reference_tertiary,central,7,2022,7,2022-02-14,563,35,43,62,164,114,43,1024,56,147,185,512,124,19.14,1.21,0,0,0.1504,complete,train,1,20260805,1.0.0,519.0,478.0,410.0,,453.25,,0.7485107481711011,0.6631226582407953
H09-2022-W08,H09,reference_tertiary,central,8,2022,8,2022-02-21,534,37,45,72,199,120,53,1060,61,171,206,497,125,18.43,1.57,0,0,0.2089,complete,train,1,20260805,1.0.0,563.0,519.0,406.0,,491.5,,0.8229838658936564,0.5680647467311559
H09-2022-W09,H09,reference_tertiary,central,9,2022,9,2022-02-28,606,55,53,88,188,113,26,1129,70,166,215,530,148,17.28,6.78,0,0,0.1895,complete,train,1,20260805,1.0.0,534.0,563.0,478.0,,523.5,467.125,0.8854560256532099,0.4647231720437686
H09-2022-W10,H09,reference_tertiary,central,10,2022,10,2022-03-07,682,65,48,83,216,111,39,1244,63,191,229,631,130,17.82,3.85,0,0,0.2244,complete,train,1,20260805,1.0.0,606.0,534.0,519.0,,555.5,486.875,0.9350162426854148,0.35460488704253557
H09-2022-W11,H09,reference_tertiary,central,11,2022,11,2022-03-14,687,88,71,117,229,101,41,1334,76,180,269,665,144,18.77,4.58,0,0,0.3495,complete,train,1,20260805,1.0.0,682.0,606.0,563.0,,596.25,524.75,0.970941817426052,0.23931566428755804
H09-2022-W12,H09,reference_tertiary,central,12,2022,12,2022-03-21,774,96,91,126,259,125,51,1522,111,227,282,727,175,16.32,11.91,0,0,0.39,complete,train,1,20260805,1.0.0,687.0,682.0,534.0,,627.25,559.375,0.992708874098054,0.120536680255323
H09-2022-W13,H09,reference_tertiary,central,13,2022,13,2022-03-28,802,108,74,145,282,99,35,1545,93,204,292,776,180,17.79,14.31,0,0,0.4521,complete,train,1,20260805,1.0.0,774.0,687.0,606.0,,687.25,605.375,1.0,-1.6081226496766364e-16
H09-2022-W14,H09,reference_tertiary,central,14,2022,14,2022-04-04,825,115,91,140,317,98,41,1627,106,205,342,805,169,14.92,7.02,0,0,0.5703,complete,train,1,20260805,1.0.0,802.0,774.0,682.0,,736.25,645.875,0.992708874098054,-0.12053668025532288
H09-2022-W15,H09,reference_tertiary,central,15,2022,15,2022-04-11,951,137,108,183,309,91,31,1810,114,292,347,864,193,15.23,7.6,1,0,0.5876,complete,train,1,20260805,1.0.0,825.0,802.0,687.0,,772.0,684.125,0.9709418174260521,-0.2393156642875575
H09-2022-W16,H09,reference_tertiary,central,16,2022,16,2022-04-18,1021,155,97,186,332,87,35,1913,131,269,418,889,206,13.55,8.46,0,0,0.6703,complete,train,1,20260805,1.0.0,951.0,825.0,774.0,,838.0,732.625,0.9350162426854148,-0.35460488704253545
H09-2022-W17,H09,reference_tertiary,central,17,2022,17,2022-04-25,1159,177,108,191,344,83,41,2103,127,324,447,971,234,12.71,12.13,0,0,0.711,complete,train,1,20260805,1.0.0,1021.0,951.0,802.0,,899.75,793.5,0.8854560256532099,-0.4647231720437685
H09-2022-W18,H09,reference_tertiary,central,18,2022,18,2022-05-02,1248,179,122,212,363,82,29,2235,150,346,477,1023,239,12.11,14.01,1,0,0.7812,extreme_but_valid,train,1,20260805,1.0.0,1159.0,1021.0,825.0,,989.0,862.625,0.8229838658936565,-0.5680647467311557
H09-2022-W19,H09,reference_tertiary,central,19,2022,19,2022-05-09,1321,180,118,193,364,74,20,2270,137,337,476,1072,248,11.17,11.43,0,0,0.8865,extreme_but_valid,train,1,20260805,1.0.0,1248.0,1159.0,951.0,,1094.75,933.375,0.7485107481711013,-0.663122658240795
H09-2022-W20,H09,reference_tertiary,central,20,2022,20,2022-05-16,1257,189,130,199,392,76,27,2270,169,345,449,1050,257,12.15,12.36,0,0,0.8955,extreme_but_valid,train,1,20260805,1.0.0,1321.0,1248.0,1021.0,,1187.25,1012.625,0.6631226582407952,-0.7485107481711012
H09-2022-W21,H09,reference_tertiary,central,21,2022,21,2022-05-23,1243,201,121,215,338,48,22,2188,119,337,449,1036,247,9.82,13.6,0,0,0.8444,extreme_but_valid,train,1,20260805,1.0.0,1257.0,1321.0,1159.0,,1246.25,1073.0,0.5680647467311558,-0.8229838658936564
H09-2022-W22,H09,reference_tertiary,central,22,2022,22,2022-05-30,1245,167,106,218,371,49,19,2175,143,358,438,1005,231,8.31,14.13,0,0,0.789,extreme_but_valid,train,1,20260805,1.0.0,1243.0,1257.0,1248.0,,1267.25,1128.125,0.46472317204376906,-0.8854560256532096
H09-2022-W23,H09,reference_tertiary,central,23,2022,23,2022-06-06,1188,178,123,200,373,55,21,2138,134,311,470,986,237,8.43,19.15,0,0,0.738,complete,train,1,20260805,1.0.0,1245.0,1243.0,1321.0,,1266.5,1180.625,0.35460488704253584,-0.9350162426854147
H09-2022-W24,H09,reference_tertiary,central,24,2022,24,2022-06-13,1113,142,122,201,361,40,16,1995,131,289,412,954,209,8.97,15.3,0,0,0.7208,complete,train,1,20260805,1.0.0,1188.0,1245.0,1257.0,,1233.25,1210.25,0.23931566428755768,-0.970941817426052
H09-2022-W25,H09,reference_tertiary,central,25,2022,25,2022-06-20,1151,142,100,157,302,49,11,1912,120,298,383,885,226,9.05,18.15,0,0,0.6324,complete,train,1,20260805,1.0.0,1113.0,1188.0,1243.0,,1197.25,1221.75,0.12053668025532308,-0.992708874098054
H09-2022-W26,H09,reference_tertiary,central,26,2022,26,2022-06-27,989,128,96,145,274,53,22,1707,101,255,316,828,207,9.67,16.0,0,0,0.5665,complete,train,1,20260805,1.0.0,1151.0,1113.0,1245.0,,1174.25,1220.75,-3.216245299353273e-16,-1.0
H09-2022-W27,H09,reference_tertiary,central,27,2022,27,2022-07-04,914,122,87,144,301,41,21,1630,117,228,327,772,186,8.64,18.58,0,1,0.4837,complete,train,1,20260805,1.0.0,989.0,1151.0,1188.0,,1110.25,1188.375,-0.12053668025532283,-0.992708874098054
H09-2022-W28,H09,reference_tertiary,central,28,2022,28,2022-07-11,844,81,83,135,249,40,11,1443,88,224,286,671,174,8.35,17.72,0,1,0.4419,complete,train,1,20260805,1.0.0,914.0,989.0,1113.0,,1041.75,1137.5,-0.23931566428755743,-0.9709418174260521
H09-2022-W29,H09,reference_tertiary,central,29,2022,29,2022-07-18,807,69,80,120,257,44,15,1392,82,202,285,652,171,8.02,17.82,0,1,0.4947,complete,train,1,20260805,1.0.0,844.0,914.0,1151.0,,974.5,1085.875,-0.3546048870425356,-0.9350162426854148
H09-2022-W30,H09,reference_tertiary,central,30,2022,30,2022-07-25,843,79,70,141,248,47,19,1447,76,214,297,709,151,7.71,16.13,0,1,0.3658,complete,train,1,20260805,1.0.0,807.0,844.0,989.0,,888.5,1031.375,-0.46472317204376806,-0.8854560256532101
H09-2022-W31,H09,reference_tertiary,central,31,2022,31,2022-08-01,755,48,53,110,209,46,29,1250,80,177,239,612,142,7.08,16.51,0,0,0.4082,complete,train,1,20260805,1.0.0,843.0,807.0,914.0,,852.0,981.125,-0.5680647467311556,-0.8229838658936565
H09-2022-W32,H09,reference_tertiary,central,32,2022,32,2022-08-08,704,46,48,87,252,52,23,1212,74,166,253,571,148,8.56,15.98,0,0,0.2692,complete,train,1,20260805,1.0.0,755.0,843.0,844.0,,812.25,927.0,-0.663122658240795,-0.7485107481711013
H09-2022-W33,H09,reference_tertiary,central,33,2022,33,2022-08-15,719,45,46,86,194,46,17,1153,71,172,215,551,144,8.27,16.03,0,0,0.3025,complete,train,1,20260805,1.0.0,704.0,755.0,807.0,,777.25,875.875,-0.7485107481711011,-0.6631226582407952
H09-2022-W34,H09,reference_tertiary,central,34,2022,34,2022-08-22,704,29,47,93,199,29,21,1122,66,137,222,549,148,8.81,15.26,0,0,0.2008,complete,train,1,20260805,1.0.0,719.0,704.0,843.0,,755.25,821.875,-0.8229838658936564,-0.5680647467311559
H09-2022-W35,H09,reference_tertiary,central,35,2022,35,2022-08-29,656,28,43,70,201,52,15,1065,54,144,206,519,142,9.24,14.56,0,0,0.1673,complete,train,1,20260805,1.0.0,704.0,719.0,755.0,,720.5,786.25,-0.8854560256532096,-0.4647231720437691
H09-2022-W36,H09,reference_tertiary,central,36,2022,36,2022-09-05,605,24,52,81,195,37,12,1006,61,146,212,480,107,11.47,16.12,0,0,0.1862,complete,train,1,20260805,1.0.0,656.0,704.0,704.0,,695.75,754.0,-0.9350162426854147,-0.3546048870425359
H09-2022-W37,H09,reference_tertiary,central,37,2022,37,2022-09-12,622,16,46,77,210,44,14,1029,54,142,224,484,125,10.8,15.93,0,0,0.2345,complete,train,1,20260805,1.0.0,605.0,656.0,719.0,,671.0,724.125,-0.970941817426052,-0.23931566428755774
H09-2022-W38,H09,reference_tertiary,central,38,2022,38,2022-09-19,606,13,35,75,189,32,10,960,53,119,183,479,126,10.89,13.7,1,0,0.1825,complete,train,1,20260805,1.0.0,622.0,605.0,704.0,,646.75,701.0,-0.992708874098054,-0.12053668025532357
H09-2022-W39,H09,reference_tertiary,central,39,2022,39,2022-09-26,581,9,38,80,180,41,8,937,59,128,171,460,119,10.89,14.28,1,0,0.2207,complete,train,1,20260805,1.0.0,606.0,622.0,656.0,,622.25,671.375,-1.0,-1.8369701987210297e-16
H09-2022-W40,H09,reference_tertiary,central,40,2022,40,2022-10-03,635,20,40,79,206,53,18,1051,41,128,204,536,142,12.76,12.13,0,0,0.1691,complete,train,1,20260805,1.0.0,581.0,606.0,605.0,,603.5,649.625,-0.992708874098054,0.1205366802553232
H09-2022-W41,H09,reference_tertiary,central,41,2022,41,2022-10-10,590,12,46,79,191,45,13,976,62,124,188,481,121,13.53,11.21,0,0,0.2133,complete,train,1,20260805,1.0.0,635.0,581.0,622.0,,611.0,641.0,-0.9709418174260521,0.23931566428755738
H09-2022-W42,H09,reference_tertiary,central,42,2022,42,2022-10-17,659,17,39,74,184,38,12,1023,70,132,170,512,139,14.07,8.45,0,0,0.3027,complete,train,1,20260805,1.0.0,590.0,635.0,606.0,,603.0,624.875,-0.9350162426854148,0.35460488704253557
H09-2022-W43,H09,reference_tertiary,central,43,2022,43,2022-10-24,579,5,55,67,201,34,15,956,40,132,165,492,127,14.06,9.09,0,0,0.1966,complete,train,1,20260805,1.0.0,659.0,590.0,581.0,,616.25,619.25,-0.8854560256532101,0.464723172043768
H09-2022-W44,H09,reference_tertiary,central,44,2022,44,2022-10-31,600,18,35,59,185,41,14,952,49,129,180,482,112,15.37,7.16,0,0,0.1542,complete,train,1,20260805,1.0.0,579.0,659.0,635.0,,615.75,609.625,-0.822983865893657,0.5680647467311548
H09-2022-W45,H09,reference_tertiary,central,45,2022,45,2022-11-07,483,7,38,63,168,33,20,812,47,102,156,423,84,16.35,5.74,0,0,0.161,complete,train,1,20260805,1.0.0,600.0,579.0,590.0,,607.0,609.0,-0.7485107481711011,0.6631226582407952
H09-2022-W46,H09,reference_tertiary,central,46,2022,46,2022-11-14,348,6,39,69,164,36,8,670,36,104,130,325,75,17.14,7.7,0,0,0.1697,complete,train,1,20260805,1.0.0,483.0,600.0,659.0,,580.25,591.625,-0.6631226582407955,0.7485107481711007
H09-2022-W47,H09,reference_tertiary,central,47,2022,47,2022-11-21,409,5,41,59,167,40,14,735,61,90,138,360,86,16.58,5.71,0,0,0.1206,complete,train,1,20260805,1.0.0,348.0,483.0,579.0,,502.5,559.375,-0.5680647467311559,0.8229838658936564
H09-2022-W48,H09,reference_tertiary,central,48,2022,48,2022-11-28,463,17,38,49,186,35,6,794,46,98,149,405,96,19.69,5.32,0,0,0.0605,complete,train,1,20260805,1.0.0,409.0,348.0,600.0,,460.0,537.875,-0.4647231720437684,0.88545602565321
H09-2022-W49,H09,reference_tertiary,central,49,2022,49,2022-12-05,466,13,40,63,136,48,26,792,44,82,169,400,97,18.25,3.26,0,0,0.0594,complete,train,1,20260805,1.0.0,463.0,409.0,483.0,,425.75,516.375,-0.35460488704253595,0.9350162426854147
H09-2022-W50,H09,reference_tertiary,central,50,2022,50,2022-12-12,380,9,39,55,184,48,14,729,39,101,119,378,92,19.56,3.57,0,0,0.0528,complete,train,1,20260805,1.0.0,466.0,463.0,348.0,,421.5,500.875,-0.2393156642875578,0.970941817426052
H09-2022-W51,H09,reference_tertiary,central,51,2022,51,2022-12-19,432,9,26,46,149,36,11,709,41,105,128,356,79,19.24,4.43,0,0,0.0,complete,train,1,20260805,1.0.0,380.0,466.0,409.0,,429.5,466.0,-0.12053668025532363,0.992708874098054
H09-2022-W52,H09,reference_tertiary,central,52,2022,52,2022-12-26,473,11,29,51,165,31,15,775,34,108,166,371,96,21.06,0.92,1,0,0.0,complete,train,1,20260805,1.0.0,432.0,380.0,463.0,,435.25,447.625,6.432490598706546e-16,1.0
H09-2023-W01,H09,reference_tertiary,central,53,2023,1,2023-01-02,372,16,24,63,143,46,18,682,32,88,138,344,80,21.1,1.72,1,0,0.0,complete,train,1,20260805,1.0.0,473.0,432.0,466.0,448.0,437.75,431.75,0.12053668025532305,0.992708874098054
H09-2023-W02,H09,reference_tertiary,central,54,2023,2,2023-01-09,332,16,25,52,143,52,21,641,38,83,119,336,65,21.96,4.16,0,0,0.0,complete,train,1,20260805,1.0.0,372.0,473.0,380.0,379.0,414.25,417.875,0.23931566428755774,0.970941817426052
H09-2023-W03,H09,reference_tertiary,central,55,2023,3,2023-01-16,453,26,36,61,155,48,19,798,38,103,169,397,91,18.89,1.05,0,0,0.0938,complete,train,1,20260805,1.0.0,332.0,372.0,432.0,410.0,402.25,415.875,0.3546048870425356,0.9350162426854148
H09-2023-W04,H09,reference_tertiary,central,56,2023,4,2023-01-23,446,22,37,46,151,62,19,783,53,113,128,391,98,20.17,2.0,0,0,0.0519,complete,train,1,20260805,1.0.0,453.0,332.0,473.0,406.0,407.5,421.375,0.4647231720437685,0.8854560256532099
H09-2023-W05,H09,reference_tertiary,central,57,2023,5,2023-01-30,531,28,34,60,153,64,24,894,35,142,165,438,114,18.72,1.55,0,0,0.2132,complete,train,1,20260805,1.0.0,446.0,453.0,372.0,478.0,400.75,419.25,0.5680647467311558,0.8229838658936564
H09-2023-W06,H09,reference_tertiary,central,58,2023,6,2023-02-06,518,37,32,80,152,49,16,884,61,104,168,441,110,19.92,0.95,0,0,0.1086,complete,train,1,20260805,1.0.0,531.0,446.0,332.0,519.0,440.5,427.375,0.6631226582407952,0.7485107481711011
H09-2023-W07,H09,reference_tertiary,central,59,2023,7,2023-02-13,476,43,44,81,181,73,22,920,59,129,174,458,100,19.96,4.55,0,0,0.1247,complete,train,1,20260805,1.0.0,518.0,531.0,453.0,563.0,487.0,444.625,0.7485107481711011,0.6631226582407953
H09-2023-W08,H09,reference_tertiary,central,60,2023,8,2023-02-20,536,52,52,83,159,37,16,935,58,115,177,474,111,19.99,4.39,0,0,0.2282,complete,train,1,20260805,1.0.0,476.0,518.0,446.0,534.0,492.75,450.125,0.8229838658936564,0.5680647467311559
H09-2023-W09,H09,reference_tertiary,central,61,2023,9,2023-02-27,707,61,59,86,216,64,24,1217,69,183,235,574,156,17.77,3.72,0,0,0.168,complete,train,1,20260805,1.0.0,536.0,476.0,531.0,606.0,515.25,458.0,0.8854560256532099,0.4647231720437686
H09-2023-W10,H09,reference_tertiary,central,62,2023,10,2023-03-06,693,62,70,112,222,69,15,1243,77,143,254,610,159,17.36,3.61,0,0,0.2339,complete,train,1,20260805,1.0.0,707.0,536.0,518.0,682.0,559.25,499.875,0.9350162426854148,0.35460488704253557
H09-2023-W11,H09,reference_tertiary,central,63,2023,11,2023-03-13,710,77,59,120,253,57,16,1292,79,169,246,645,153,19.46,8.21,0,0,0.3813,complete,train,1,20260805,1.0.0,693.0,707.0,476.0,687.0,603.0,545.0,0.970941817426052,0.23931566428755804
H09-2023-W12,H09,reference_tertiary,central,64,2023,12,2023-03-20,748,90,81,121,264,48,20,1372,84,213,272,644,159,16.46,7.03,0,0,0.4717,complete,train,1,20260805,1.0.0,710.0,693.0,536.0,774.0,661.5,577.125,0.992708874098054,0.120536680255323
H09-2023-W13,H09,reference_tertiary,central,65,2023,13,2023-03-27,911,127,102,146,268,34,8,1596,95,252,318,744,187,15.88,7.5,0,0,0.4988,complete,train,1,20260805,1.0.0,748.0,710.0,707.0,802.0,714.5,614.875,1.0,-1.6081226496766364e-16
H09-2023-W14,H09,reference_tertiary,central,66,2023,14,2023-04-03,907,136,74,171,297,45,13,1643,104,233,326,809,171,14.9,6.11,0,0,0.5553,complete,train,1,20260805,1.0.0,911.0,748.0,693.0,825.0,765.5,662.375,0.992708874098054,-0.12053668025532288
H09-2023-W15,H09,reference_tertiary,central,67,2023,15,2023-04-10,1028,167,101,191,326,55,22,1890,107,279,363,927,214,16.3,16.92,1,0,0.6421,complete,train,1,20260805,1.0.0,907.0,911.0,710.0,951.0,819.0,711.0,0.9709418174260521,-0.2393156642875575
H09-2023-W16,H09,reference_tertiary,central,68,2023,16,2023-04-17,1075,184,103,188,359,30,13,1952,115,315,418,894,210,14.65,11.49,0,0,0.7206,complete,train,1,20260805,1.0.0,1028.0,907.0,748.0,1021.0,898.5,780.0,0.9350162426854148,-0.35460488704253545
H09-2023-W17,H09,reference_tertiary,central,69,2023,17,2023-04-24,1106,176,135,197,358,39,10,2021,129,325,396,936,235,13.35,9.26,0,0,0.8093,extreme_but_valid,train,1,20260805,1.0.0,1075.0,1028.0,911.0,1159.0,980.25,847.375,0.8854560256532099,-0.4647231720437685
H09-2023-W18,H09,reference_tertiary,central,70,2023,18,2023-05-01,1257,195,113,203,335,28,8,2139,155,318,439,986,241,13.47,10.71,1,0,0.758,complete,train,1,20260805,1.0.0,1106.0,1075.0,907.0,1248.0,1029.0,897.25,0.8229838658936565,-0.5680647467311557
H09-2023-W19,H09,reference_tertiary,central,71,2023,19,2023-05-08,1261,210,133,202,365,26,9,2206,160,338,432,1022,254,11.44,13.53,0,0,0.7632,complete,train,1,20260805,1.0.0,1257.0,1106.0,1028.0,1321.0,1116.5,967.75,0.7485107481711013,-0.663122658240795
H09-2023-W20,H09,reference_tertiary,central,72,2023,20,2023-05-15,1306,202,119,225,382,27,12,2273,140,344,479,1046,264,10.58,15.59,0,0,0.8365,extreme_but_valid,train,1,20260805,1.0.0,1261.0,1257.0,1075.0,1257.0,1174.75,1036.625,0.6631226582407952,-0.7485107481711012
H09-2023-W21,H09,reference_tertiary,central,73,2023,21,2023-05-22,1207,163,115,193,355,25,7,2065,125,357,407,931,245,10.4,13.86,0,0,0.8796,extreme_but_valid,train,1,20260805,1.0.0,1306.0,1261.0,1106.0,1243.0,1232.5,1106.375,0.5680647467311558,-0.8229838658936564
H09-2023-W22,H09,reference_tertiary,central,74,2023,22,2023-05-29,1301,184,134,209,386,31,17,2262,157,342,465,1039,259,10.8,19.3,0,0,0.8356,extreme_but_valid,train,1,20260805,1.0.0,1207.0,1306.0,1257.0,1245.0,1257.75,1143.375,0.46472317204376906,-0.8854560256532096
H09-2023-W23,H09,reference_tertiary,central,75,2023,23,2023-06-05,1210,189,104,178,376,36,5,2098,134,309,440,953,262,7.45,14.51,0,0,0.7606,complete,train,1,20260805,1.0.0,1301.0,1207.0,1261.0,1188.0,1268.75,1192.625,0.35460488704253584,-0.9350162426854147
H09-2023-W24,H09,reference_tertiary,central,76,2023,24,2023-06-12,1188,161,124,176,365,33,6,2053,116,306,401,986,244,8.6,14.93,0,0,0.6694,complete,train,1,20260805,1.0.0,1210.0,1301.0,1306.0,1113.0,1256.0,1215.375,0.23931566428755768,-0.970941817426052
H09-2023-W25,H09,reference_tertiary,central,77,2023,25,2023-06-19,1198,165,83,170,313,15,4,1948,104,284,366,953,241,8.02,18.21,0,0,0.7029,complete,train,1,20260805,1.0.0,1188.0,1210.0,1207.0,1151.0,1226.5,1229.5,0.12053668025532308,-0.992708874098054
H09-2023-W26,H09,reference_tertiary,central,78,2023,26,2023-06-26,1052,125,91,162,302,29,11,1772,118,265,355,834,200,7.63,16.17,0,0,0.6168,complete,train,1,20260805,1.0.0,1198.0,1188.0,1301.0,989.0,1224.25,1241.0,-3.216245299353273e-16,-1.0
H09-2023-W27,H09,reference_tertiary,central,79,2023,27,2023-07-03,924,129,92,148,291,24,7,1615,102,215,327,779,192,7.28,19.86,0,1,0.5585,complete,train,1,20260805,1.0.0,1052.0,1198.0,1210.0,914.0,1162.0,1215.375,-0.12053668025532283,-0.992708874098054
H09-2023-W28,H09,reference_tertiary,central,80,2023,28,2023-07-10,800,88,69,121,266,28,12,1384,70,182,309,688,135,8.91,20.43,0,1,0.4372,complete,train,1,20260805,1.0.0,924.0,1052.0,1188.0,844.0,1090.5,1173.25,-0.23931566428755743,-0.9709418174260521
H09-2023-W29,H09,reference_tertiary,central,81,2023,29,2023-07-17,771,86,71,123,229,16,6,1302,67,177,249,649,160,5.78,17.09,0,1,0.335,complete,train,1,20260805,1.0.0,800.0,924.0,1198.0,807.0,993.5,1110.0,-0.3546048870425356,-0.9350162426854148
H09-2023-W30,H09,reference_tertiary,central,82,2023,30,2023-07-24,714,76,74,115,266,23,6,1274,72,173,236,647,146,6.47,16.61,0,1,0.3932,complete,train,1,20260805,1.0.0,771.0,800.0,1052.0,843.0,886.75,1055.5,-0.46472317204376806,-0.8854560256532101
H09-2023-W31,H09,reference_tertiary,central,83,2023,31,2023-07-31,660,61,48,112,244,16,4,1145,61,152,200,586,146,8.76,16.56,0,0,0.3304,complete,train,1,20260805,1.0.0,714.0,771.0,924.0,755.0,802.25,982.125,-0.5680647467311556,-0.8229838658936565
H09-2023-W32,H09,reference_tertiary,central,84,2023,32,2023-08-07,566,45,38,81,216,23,10,979,49,153,171,509,97,6.77,18.48,0,0,0.2347,complete,train,1,20260805,1.0.0,660.0,714.0,800.0,704.0,736.25,913.375,-0.663122658240795,-0.7485107481711013
H09-2023-W33,H09,reference_tertiary,central,85,2023,33,2023-08-14,510,40,40,87,221,28,6,932,49,132,192,441,118,8.32,15.19,0,0,0.2698,complete,train,1,20260805,1.0.0,566.0,660.0,771.0,719.0,677.75,835.625,-0.7485107481711011,-0.6631226582407952
H09-2023-W34,H09,reference_tertiary,central,86,2023,34,2023-08-21,580,31,40,82,201,18,6,958,63,128,176,465,126,10.44,22.45,0,0,0.136,complete,train,1,20260805,1.0.0,510.0,566.0,714.0,704.0,612.5,749.625,-0.8229838658936564,-0.5680647467311559
H09-2023-W35,H09,reference_tertiary,central,87,2023,35,2023-08-28,732,31,41,90,231,14,2,1141,62,166,251,536,126,10.04,14.44,0,0,0.2381,complete,train,1,20260805,1.0.0,580.0,510.0,660.0,656.0,579.0,690.625,-0.8854560256532096,-0.4647231720437691
H09-2023-W36,H09,reference_tertiary,central,88,2023,36,2023-09-04,657,20,50,108,181,25,10,1051,59,135,198,524,135,10.62,13.71,0,0,0.2549,complete,train,1,20260805,1.0.0,732.0,580.0,566.0,605.0,597.0,666.625,-0.9350162426854147,-0.3546048870425359
H09-2023-W37,H09,reference_tertiary,central,89,2023,37,2023-09-11,569,19,41,76,183,22,5,915,48,141,163,453,110,11.14,18.63,0,0,0.1037,complete,train,1,20260805,1.0.0,657.0,732.0,510.0,622.0,619.75,648.75,-0.970941817426052,-0.23931566428755774
H09-2023-W38,H09,reference_tertiary,central,90,2023,38,2023-09-18,557,20,53,107,188,22,7,954,56,139,176,470,113,9.92,22.32,1,0,0.199,complete,train,1,20260805,1.0.0,569.0,657.0,580.0,606.0,634.5,623.5,-0.992708874098054,-0.12053668025532357
H09-2023-W39,H09,reference_tertiary,central,91,2023,39,2023-09-25,584,18,33,61,166,19,5,886,51,119,167,443,106,11.36,10.87,1,0,0.2222,complete,train,1,20260805,1.0.0,557.0,569.0,732.0,581.0,628.75,603.875,-1.0,-1.8369701987210297e-16
H09-2023-W40,H09,reference_tertiary,central,92,2023,40,2023-10-02,564,13,48,76,183,17,2,903,51,127,178,452,95,10.65,12.27,0,0,0.1535,complete,train,1,20260805,1.0.0,584.0,557.0,657.0,635.0,591.75,594.375,-0.992708874098054,0.1205366802553232
H09-2023-W41,H09,reference_tertiary,central,93,2023,41,2023-10-09,454,6,49,84,229,21,7,850,58,109,155,427,101,11.87,12.32,0,0,0.1053,complete,train,1,20260805,1.0.0,564.0,584.0,569.0,590.0,568.5,594.125,-0.9709418174260521,0.23931566428755738
H09-2023-W42,H09,reference_tertiary,central,94,2023,42,2023-10-16,564,13,25,71,183,22,4,882,48,97,175,449,113,14.76,9.91,0,0,0.1873,complete,train,1,20260805,1.0.0,454.0,564.0,557.0,659.0,539.75,587.125,-0.9350162426854148,0.35460488704253557
H09-2023-W43,H09,reference_tertiary,central,95,2023,43,2023-10-23,560,10,35,74,182,27,11,899,47,118,163,459,112,15.03,9.44,0,0,0.3039,complete,train,1,20260805,1.0.0,564.0,454.0,584.0,579.0,541.5,585.125,-0.8854560256532101,0.464723172043768
H09-2023-W44,H09,reference_tertiary,central,96,2023,44,2023-10-30,575,12,37,78,188,22,10,922,53,129,187,440,113,14.85,8.22,0,0,0.1097,complete,train,1,20260805,1.0.0,560.0,564.0,564.0,600.0,535.5,563.625,-0.822983865893657,0.5680647467311548
H09-2023-W45,H09,reference_tertiary,central,97,2023,45,2023-11-06,554,16,32,72,188,19,8,889,41,115,171,442,120,15.77,6.33,0,0,0.2142,complete,train,1,20260805,1.0.0,575.0,560.0,454.0,483.0,538.25,553.375,-0.7485107481711011,0.6631226582407952
H09-2023-W46,H09,reference_tertiary,central,98,2023,46,2023-11-13,536,19,39,72,156,22,7,851,62,113,173,412,91,17.74,8.48,0,0,0.1337,complete,train,1,20260805,1.0.0,554.0,575.0,564.0,348.0,563.25,551.5,-0.6631226582407955,0.7485107481711007
H09-2023-W47,H09,reference_tertiary,central,99,2023,47,2023-11-20,577,11,32,54,167,26,5,872,45,109,187,427,104,17.38,4.46,0,0,0.1047,complete,train,1,20260805,1.0.0,536.0,554.0,560.0,409.0,556.25,548.875,-0.5680647467311559,0.8229838658936564
H09-2023-W48,H09,reference_tertiary,central,100,2023,48,2023-11-27,544,18,44,63,184,20,6,879,57,108,188,435,91,17.86,3.44,0,0,0.1304,complete,train,1,20260805,1.0.0,577.0,536.0,575.0,463.0,560.5,548.0,-0.4647231720437684,0.88545602565321
H09-2023-W49,H09,reference_tertiary,central,101,2023,49,2023-12-04,473,12,37,45,153,16,2,738,39,102,126,379,92,17.56,3.85,0,0,0.1173,complete,train,1,20260805,1.0.0,544.0,577.0,554.0,466.0,552.75,545.5,-0.35460488704253595,0.9350162426854147
H09-2023-W50,H09,reference_tertiary,central,102,2023,50,2023-12-11,498,12,36,59,171,23,4,803,49,103,154,400,97,19.83,3.36,0,0,0.0698,complete,train,1,20260805,1.0.0,473.0,544.0,536.0,380.0,532.5,547.875,-0.2393156642875578,0.970941817426052
H09-2023-W51,H09,reference_tertiary,central,103,2023,51,2023-12-18,468,12,30,50,141,24,4,729,27,94,151,374,83,19.38,2.26,0,0,0.131,complete,train,1,20260805,1.0.0,498.0,473.0,577.0,432.0,523.0,539.625,-0.12053668025532363,0.992708874098054
H09-2023-W52,H09,reference_tertiary,central,104,2023,52,2023-12-25,501,8,29,49,156,26,13,782,34,98,150,398,102,18.07,1.03,1,0,0.1552,complete,train,1,20260805,1.0.0,468.0,498.0,544.0,473.0,495.75,528.125,6.432490598706546e-16,1.0
H09-2024-W01,H09,reference_tertiary,central,105,2024,1,2024-01-01,476,22,42,52,129,28,12,761,44,97,134,403,83,18.08,4.16,1,0,0.0,complete,train,1,20260805,1.0.0,501.0,468.0,473.0,372.0,485.0,518.875,0.12053668025532305,0.992708874098054
H09-2024-W02,H09,reference_tertiary,central,106,2024,2,2024-01-08,308,20,32,59,147,27,9,602,41,83,98,291,89,20.9,2.49,0,0,0.062,complete,train,1,20260805,1.0.0,476.0,501.0,498.0,332.0,485.75,509.125,0.23931566428755774,0.970941817426052
H09-2024-W03,H09,reference_tertiary,central,107,2024,3,2024-01-15,444,25,27,50,165,32,8,751,39,110,141,380,81,20.15,0.91,0,0,0.0445,complete,train,1,20260805,1.0.0,308.0,476.0,468.0,453.0,438.25,480.625,0.3546048870425356,0.9350162426854148
H09-2024-W04,H09,reference_tertiary,central,108,2024,4,2024-01-22,468,22,35,55,160,38,14,792,41,102,147,402,100,21.17,1.52,0,0,0.0695,complete,train,1,20260805,1.0.0,444.0,308.0,501.0,446.0,432.25,464.0,0.4647231720437685,0.8854560256532099
H09-2024-W05,H09,reference_tertiary,central,109,2024,5,2024-01-29,463,27,34,72,154,29,11,790,45,116,132,393,104,20.16,0.61,0,0,0.0925,complete,train,1,20260805,1.0.0,468.0,444.0,476.0,531.0,424.0,454.5,0.5680647467311558,0.8229838658936564
H09-2024-W06,H09,reference_tertiary,central,110,2024,6,2024-02-05,559,41,47,76,155,31,9,918,54,128,152,473,111,19.69,4.42,0,0,0.1556,complete,train,1,20260805,1.0.0,463.0,468.0,308.0,518.0,420.75,453.25,0.6631226582407952,0.7485107481711011
H09-2024-W07,H09,reference_tertiary,central,111,2024,7,2024-02-12,570,39,34,65,175,30,8,921,53,124,171,446,127,19.85,3.74,0,0,0.0896,complete,train,1,20260805,1.0.0,559.0,463.0,444.0,476.0,483.5,460.875,0.7485107481711011,0.6631226582407953
H09-2024-W08,H09,reference_tertiary,central,112,2024,8,2024-02-19,634,54,43,80,178,24,5,1018,61,154,190,483,130,18.91,8.97,0,0,0.143,complete,train,1,20260805,1.0.0,570.0,559.0,468.0,536.0,515.0,473.625,0.8229838658936564,0.5680647467311559
H09-2024-W09,H09,reference_tertiary,central,113,2024,9,2024-02-26,567,58,49,75,226,38,12,1025,68,159,215,467,116,18.99,2.53,0,0,0.2796,complete,train,1,20260805,1.0.0,634.0,570.0,463.0,707.0,556.5,490.25,0.8854560256532099,0.4647231720437686
H09-2024-W10,H09,reference_tertiary,central,114,2024,10,2024-03-04,638,77,66,112,205,24,9,1131,51,178,230,535,137,17.2,3.56,0,0,0.2688,complete,train,1,20260805,1.0.0,567.0,634.0,559.0,693.0,582.5,501.625,0.9350162426854148,0.35460488704253557
H09-2024-W11,H09,reference_tertiary,central,115,2024,11,2024-03-11,733,88,61,120,241,26,4,1273,81,180,235,629,148,17.38,9.19,0,0,0.4014,complete,train,1,20260805,1.0.0,638.0,567.0,570.0,710.0,602.25,542.875,0.970941817426052,0.23931566428755804
H09-2024-W12,H09,reference_tertiary,central,116,2024,12,2024-03-18,839,106,87,120,230,24,14,1420,85,211,266,697,161,16.94,7.58,0,0,0.3159,complete,train,1,20260805,1.0.0,733.0,638.0,634.0,748.0,643.0,579.0,0.992708874098054,0.120536680255323
H09-2024-W13,H09,reference_tertiary,central,117,2024,13,2024-03-25,900,135,76,153,256,25,8,1553,93,232,295,749,184,16.66,9.58,0,0,0.5687,complete,train,1,20260805,1.0.0,839.0,733.0,567.0,911.0,694.25,625.375,1.0,-1.6081226496766364e-16
H09-2024-W14,H09,reference_tertiary,central,118,2024,14,2024-04-01,974,152,107,148,287,24,10,1702,110,262,340,793,197,15.66,6.81,0,0,0.5283,complete,train,1,20260805,1.0.0,900.0,839.0,638.0,907.0,777.5,680.0,0.992708874098054,-0.12053668025532288
H09-2024-W15,H09,reference_tertiary,central,119,2024,15,2024-04-08,1148,160,108,181,346,21,4,1968,128,297,412,914,217,15.58,9.29,1,0,0.6079,complete,train,1,20260805,1.0.0,974.0,900.0,733.0,1028.0,861.5,731.875,0.9709418174260521,-0.2393156642875575
H09-2024-W16,H09,reference_tertiary,central,120,2024,16,2024-04-15,1123,167,120,205,351,26,9,2001,136,334,417,894,220,14.14,8.67,0,0,0.6759,complete,train,1,20260805,1.0.0,1148.0,974.0,839.0,1075.0,965.25,804.125,0.9350162426854148,-0.35460488704253545
H09-2024-W17,H09,reference_tertiary,central,121,2024,17,2024-04-22,1217,220,123,180,365,18,8,2131,140,314,405,1028,244,12.96,9.29,0,0,0.7438,complete,train,1,20260805,1.0.0,1123.0,1148.0,900.0,1106.0,1036.25,865.25,0.8854560256532099,-0.4647231720437685
H09-2024-W18,H09,reference_tertiary,central,122,2024,18,2024-04-29,1277,206,137,233,365,26,15,2259,155,298,506,1059,241,12.7,11.09,1,0,0.7912,extreme_but_valid,train,1,20260805,1.0.0,1217.0,1123.0,974.0,1257.0,1115.5,946.5,0.8229838658936565,-0.5680647467311557
H09-2024-W19,H09,reference_tertiary,central,123,2024,19,2024-05-06,1339,227,114,192,363,19,9,2263,144,343,465,1058,253,11.75,12.04,0,0,0.8406,extreme_but_valid,train,1,20260805,1.0.0,1277.0,1217.0,1148.0,1261.0,1191.25,1026.375,0.7485107481711013,-0.663122658240795
H09-2024-W20,H09,reference_tertiary,central,124,2024,20,2024-05-13,1276,208,141,219,381,14,7,2246,150,369,456,1009,262,12.13,13.83,0,0,0.8434,extreme_but_valid,train,1,20260805,1.0.0,1339.0,1277.0,1123.0,1306.0,1239.0,1102.125,0.6631226582407952,-0.7485107481711012
H09-2024-W21,H09,reference_tertiary,central,125,2024,21,2024-05-20,1301,197,116,221,374,14,3,2226,131,347,448,1052,248,8.97,13.46,0,0,0.8702,extreme_but_valid,train,1,20260805,1.0.0,1276.0,1339.0,1217.0,1207.0,1277.25,1156.75,0.5680647467311558,-0.8229838658936564
H09-2024-W22,H09,reference_tertiary,central,126,2024,22,2024-05-27,1214,203,126,210,388,10,3,2154,136,315,434,1021,248,9.97,14.97,0,0,0.7948,extreme_but_valid,train,1,20260805,1.0.0,1301.0,1276.0,1277.0,1301.0,1298.25,1206.875,0.46472317204376906,-0.8854560256532096
H09-2024-W23,H09,reference_tertiary,central,127,2024,23,2024-06-03,1249,216,118,177,377,10,5,2152,131,325,403,1045,248,9.86,15.77,0,0,0.7766,complete,train,1,20260805,1.0.0,1214.0,1301.0,1339.0,1210.0,1282.5,1236.875,0.35460488704253584,-0.9350162426854147
H09-2024-W24,H09,reference_tertiary,central,128,2024,24,2024-06-10,1170,177,92,165,347,9,1,1961,122,301,401,917,220,9.05,15.04,0,0,0.7901,extreme_but_valid,train,1,20260805,1.0.0,1249.0,1214.0,1276.0,1188.0,1260.0,1249.5,0.23931566428755768,-0.970941817426052
H09-2024-W25,H09,reference_tertiary,central,129,2024,25,2024-06-17,1024,145,106,153,344,7,2,1781,107,274,348,823,229,9.51,16.3,0,0,0.7349,complete,train,1,20260805,1.0.0,1170.0,1249.0,1301.0,1198.0,1233.5,1255.375,0.12053668025532308,-0.992708874098054
H09-2024-W26,H09,reference_tertiary,central,130,2024,26,2024-06-24,1056,145,77,154,324,13,2,1771,126,247,342,869,187,8.65,17.39,0,0,0.6958,complete,train,1,20260805,1.0.0,1024.0,1170.0,1214.0,1052.0,1164.25,1231.25,-3.216245299353273e-16,-1.0
H09-2024-W27,H09,reference_tertiary,central,131,2024,27,2024-07-01,921,130,85,156,290,6,1,1589,97,241,335,727,189,8.32,16.56,0,1,0.5163,complete,train,1,20260805,1.0.0,1056.0,1024.0,1249.0,924.0,1124.75,1203.625,-0.12053668025532283,-0.992708874098054
H09-2024-W28,H09,reference_tertiary,central,132,2024,28,2024-07-08,840,114,68,144,265,9,4,1444,70,196,264,724,190,7.48,21.75,0,1,0.4532,complete,train,1,20260805,1.0.0,921.0,1056.0,1170.0,800.0,1042.75,1151.375,-0.23931566428755743,-0.9709418174260521
H09-2024-W29,H09,reference_tertiary,central,133,2024,29,2024-07-15,738,90,77,133,240,14,4,1296,69,177,262,629,159,7.93,17.6,0,1,0.3885,complete,train,1,20260805,1.0.0,840.0,921.0,1024.0,771.0,960.25,1096.875,-0.3546048870425356,-0.9350162426854148
H09-2024-W30,H09,reference_tertiary,central,134,2024,30,2024-07-22,714,77,64,111,235,11,5,1217,81,172,236,602,126,7.42,17.56,0,1,0.3718,complete,train,1,20260805,1.0.0,738.0,840.0,1056.0,714.0,888.75,1026.5,-0.46472317204376806,-0.8854560256532101
H09-2024-W31,H09,reference_tertiary,central,135,2024,31,2024-07-29,732,67,55,95,230,9,2,1190,79,167,240,563,141,8.33,18.0,0,0,0.327,complete,train,1,20260805,1.0.0,714.0,738.0,921.0,660.0,803.25,964.0,-0.5680647467311556,-0.8229838658936565
H09-2024-W32,H09,reference_tertiary,central,136,2024,32,2024-08-05,721,51,64,98,236,12,4,1186,82,145,241,588,130,8.8,21.15,0,0,0.2814,complete,train,1,20260805,1.0.0,732.0,714.0,840.0,566.0,756.0,899.375,-0.663122658240795,-0.7485107481711013
H09-2024-W33,H09,reference_tertiary,central,137,2024,33,2024-08-12,788,43,48,80,206,10,2,1177,76,140,230,618,113,7.22,20.66,0,0,0.2648,complete,train,1,20260805,1.0.0,721.0,732.0,738.0,510.0,726.25,843.25,-0.7485107481711011,-0.6631226582407952
H09-2024-W34,H09,reference_tertiary,central,138,2024,34,2024-08-19,794,27,50,75,206,12,7,1171,62,159,237,572,141,10.1,18.37,0,0,0.229,complete,train,1,20260805,1.0.0,788.0,721.0,714.0,580.0,738.75,813.75,-0.8229838658936564,-0.5680647467311559
H09-2024-W35,H09,reference_tertiary,central,139,2024,35,2024-08-26,722,34,48,77,176,12,5,1074,53,151,205,544,121,9.93,14.92,0,0,0.1871,complete,train,1,20260805,1.0.0,794.0,788.0,732.0,732.0,758.75,781.0,-0.8854560256532096,-0.4647231720437691
H09-2024-W36,H09,reference_tertiary,central,140,2024,36,2024-09-02,688,22,58,84,184,7,1,1044,58,152,190,521,123,10.28,14.8,0,0,0.1531,complete,train,1,20260805,1.0.0,722.0,794.0,721.0,657.0,756.25,756.125,-0.9350162426854147,-0.3546048870425359
H09-2024-W37,H09,reference_tertiary,central,141,2024,37,2024-09-09,619,18,39,80,197,11,4,968,53,125,177,506,107,9.16,14.51,0,0,0.3191,complete,train,1,20260805,1.0.0,688.0,722.0,788.0,569.0,748.0,737.125,-0.970941817426052,-0.23931566428755774
H09-2024-W38,H09,reference_tertiary,central,142,2024,38,2024-09-16,611,15,42,75,189,11,3,946,50,119,203,479,95,10.79,12.5,1,0,0.1772,complete,train,1,20260805,1.0.0,619.0,688.0,794.0,557.0,705.75,722.25,-0.992708874098054,-0.12053668025532357
H09-2024-W39,H09,reference_tertiary,central,143,2024,39,2024-09-23,574,16,37,56,198,6,1,888,42,125,144,461,116,10.9,11.45,1,0,0.1821,complete,train,1,20260805,1.0.0,611.0,619.0,722.0,584.0,660.0,709.375,-1.0,-1.8369701987210297e-16
H09-2024-W40,H09,reference_tertiary,central,144,2024,40,2024-09-30,531,19,48,63,197,11,3,872,44,107,147,460,114,12.33,10.1,0,0,0.2135,complete,train,1,20260805,1.0.0,574.0,611.0,688.0,564.0,623.0,689.625,-0.992708874098054,0.1205366802553232
H09-2024-W41,H09,reference_tertiary,central,145,2024,41,2024-10-07,581,14,49,69,205,12,7,937,47,125,185,458,122,13.25,9.88,0,0,0.1584,complete,train,1,20260805,1.0.0,531.0,574.0,619.0,454.0,583.75,665.875,-0.9709418174260521,0.23931566428755738
H09-2024-W42,H09,reference_tertiary,central,146,2024,42,2024-10-14,582,20,45,82,185,13,3,930,45,112,171,492,110,13.06,8.27,0,0,0.2083,complete,train,1,20260805,1.0.0,581.0,531.0,611.0,564.0,574.25,640.0,-0.9350162426854148,0.35460488704253557
H09-2024-W43,H09,reference_tertiary,central,147,2024,43,2024-10-21,563,20,36,81,170,7,1,878,40,128,172,419,119,14.97,7.91,0,0,0.2032,complete,train,1,20260805,1.0.0,582.0,581.0,574.0,560.0,567.0,613.5,-0.8854560256532101,0.464723172043768
H09-2024-W44,H09,reference_tertiary,central,148,2024,44,2024-10-28,471,11,45,60,167,21,6,781,49,122,148,372,90,15.16,8.02,0,0,0.2352,complete,train,1,20260805,1.0.0,563.0,582.0,531.0,575.0,564.25,593.625,-0.822983865893657,0.5680647467311548
H09-2024-W45,H09,reference_tertiary,central,149,2024,45,2024-11-04,557,10,43,67,153,11,3,844,39,120,157,439,89,14.65,5.7,0,0,0.1412,complete,train,1,20260805,1.0.0,471.0,563.0,581.0,554.0,549.25,566.5,-0.7485107481711011,0.6631226582407952
H09-2024-W46,H09,reference_tertiary,central,150,2024,46,2024-11-11,483,16,38,58,172,14,4,785,50,104,130,393,108,18.29,6.21,0,0,0.1367,complete,train,1,20260805,1.0.0,557.0,471.0,582.0,536.0,543.25,558.75,-0.6631226582407955,0.7485107481711007
H09-2024-W47,H09,reference_tertiary,central,151,2024,47,2024-11-18,473,21,38,53,176,6,2,769,53,110,148,374,84,16.72,6.34,0,0,0.0544,complete,train,1,20260805,1.0.0,483.0,557.0,563.0,577.0,518.5,542.75,-0.5680647467311559,0.8229838658936564
H09-2024-W48,H09,reference_tertiary,central,152,2024,48,2024-11-25,443,9,30,52,141,11,4,690,33,82,136,352,87,18.68,3.05,0,0,0.0758,complete,train,1,20260805,1.0.0,473.0,483.0,471.0,544.0,496.0,530.125,-0.4647231720437684,0.88545602565321
H09-2024-W49,H09,reference_tertiary,central,153,2024,49,2024-12-02,577,18,25,65,169,7,2,863,61,116,173,418,95,19.78,4.38,0,0,0.1599,complete,train,1,20260805,1.0.0,443.0,473.0,557.0,473.0,489.0,519.125,-0.35460488704253595,0.9350162426854147
H09-2024-W50,H09,reference_tertiary,central,154,2024,50,2024-12-09,464,21,28,51,160,17,5,746,41,105,144,360,96,19.43,5.36,0,0,0.0844,complete,train,1,20260805,1.0.0,577.0,443.0,483.0,498.0,494.0,518.625,-0.2393156642875578,0.970941817426052
H09-2024-W51,H09,reference_tertiary,central,155,2024,51,2024-12-16,540,14,33,63,156,17,6,829,47,125,155,418,84,19.53,1.48,0,0,0.0,complete,train,1,20260805,1.0.0,464.0,577.0,473.0,468.0,489.25,503.875,-0.12053668025532363,0.992708874098054
H09-2024-W52,H09,reference_tertiary,central,156,2024,52,2024-12-23,509,15,31,36,128,16,4,739,41,99,148,355,96,20.18,5.79,1,0,0.071,complete,train,1,20260805,1.0.0,540.0,464.0,443.0,501.0,506.0,501.0,6.432490598706546e-16,1.0
H09-2025-W01,H09,reference_tertiary,central,157,2025,1,2024-12-30,453,14,39,50,154,9,4,723,26,100,144,362,91,18.56,3.72,1,0,0.0928,complete,test,1,20260805,1.0.0,509.0,540.0,577.0,476.0,522.5,505.75,0.12053668025532305,0.992708874098054
H09-2025-W02,H09,reference_tertiary,central,158,2025,2,2025-01-06,432,24,36,56,149,11,3,711,44,89,132,358,88,18.64,4.01,0,0,0.0571,complete,test,1,20260805,1.0.0,453.0,509.0,464.0,308.0,491.5,492.75,0.23931566428755774,0.970941817426052
H09-2025-W03,H09,reference_tertiary,central,159,2025,3,2025-01-13,523,21,45,44,172,10,3,818,49,116,147,413,93,19.66,3.2,0,0,0.0173,complete,test,1,20260805,1.0.0,432.0,453.0,540.0,444.0,483.5,486.375,0.3546048870425356,0.9350162426854148
H09-2025-W04,H09,reference_tertiary,central,160,2025,4,2025-01-20,489,32,34,56,131,18,7,767,43,101,152,387,84,20.48,0.84,0,0,0.0602,complete,test,1,20260805,1.0.0,523.0,432.0,509.0,468.0,479.25,492.625,0.4647231720437685,0.8854560256532099
H09-2025-W05,H09,reference_tertiary,central,161,2025,5,2025-01-27,470,28,45,52,145,16,5,761,45,103,136,377,100,21.95,2.53,0,0,0.019,complete,test,1,20260805,1.0.0,489.0,523.0,453.0,463.0,474.25,498.375,0.5680647467311558,0.8229838658936564
H09-2025-W06,H09,reference_tertiary,central,162,2025,6,2025-02-03,511,42,42,63,160,20,8,846,35,99,178,440,94,19.9,1.44,0,0,0.1304,complete,test,1,20260805,1.0.0,470.0,489.0,432.0,559.0,478.5,485.0,0.6631226582407952,0.7485107481711011
H09-2025-W07,H09,reference_tertiary,central,163,2025,7,2025-02-10,554,42,36,71,199,23,5,930,62,129,156,487,96,20.04,3.03,0,0,0.0806,complete,test,1,20260805,1.0.0,511.0,470.0,523.0,570.0,498.25,490.875,0.7485107481711011,0.6631226582407953
H09-2025-W08,H09,reference_tertiary,central,164,2025,8,2025-02-17,638,50,49,68,195,17,3,1020,62,153,196,487,122,19.68,1.89,0,0,0.1486,complete,test,1,20260805,1.0.0,554.0,511.0,489.0,634.0,506.0,492.625,0.8229838658936564,0.5680647467311559
H09-2025-W09,H09,reference_tertiary,central,165,2025,9,2025-02-24,699,78,52,79,204,16,4,1132,54,154,214,577,133,18.96,3.32,0,0,0.2686,complete,test,1,20260805,1.0.0,638.0,554.0,470.0,567.0,543.25,508.75,0.8854560256532099,0.4647231720437686
H09-2025-W10,H09,reference_tertiary,central,166,2025,10,2025-03-03,681,76,57,94,223,9,5,1145,74,181,211,548,131,18.58,2.87,0,0,0.2253,complete,test,1,20260805,1.0.0,699.0,638.0,511.0,638.0,600.5,539.5,0.9350162426854148,0.35460488704253557
H09-2025-W11,H09,reference_tertiary,central,167,2025,11,2025-03-10,806,104,77,124,205,17,6,1339,87,166,260,681,145,18.53,14.83,0,0,0.3111,complete,test,1,20260805,1.0.0,681.0,699.0,554.0,733.0,643.0,570.625,0.970941817426052,0.23931566428755804
H09-2025-W12,H09,reference_tertiary,central,168,2025,12,2025-03-17,840,106,66,129,247,19,5,1412,76,220,302,661,153,16.57,9.34,0,0,0.4026,complete,test,1,20260805,1.0.0,806.0,681.0,638.0,839.0,706.0,606.0,0.992708874098054,0.120536680255323
H09-2025-W13,H09,reference_tertiary,central,169,2025,13,2025-03-24,978,146,92,150,292,12,5,1675,118,246,308,791,212,16.64,9.49,0,0,0.498,complete,test,1,20260805,1.0.0,840.0,806.0,699.0,900.0,756.5,649.875,1.0,-1.6081226496766364e-16
H09-2025-W14,H09,reference_tertiary,central,170,2025,14,2025-03-31,958,170,109,145,289,9,5,1685,98,232,373,783,199,14.21,22.19,0,0,0.46,complete,test,1,20260805,1.0.0,978.0,840.0,681.0,974.0,826.25,713.375,0.992708874098054,-0.12053668025532288
H09-2025-W15,H09,reference_tertiary,central,171,2025,15,2025-04-07,1105,183,97,191,307,16,5,1904,111,296,407,875,215,14.25,7.64,1,0,0.701,complete,test,1,20260805,1.0.0,958.0,978.0,806.0,1148.0,895.5,769.25,0.9709418174260521,-0.2393156642875575
H09-2025-W16,H09,reference_tertiary,central,172,2025,16,2025-04-14,1080,198,102,158,329,11,9,1887,127,311,370,878,201,12.52,9.57,0,0,0.6376,complete,test,1,20260805,1.0.0,1105.0,958.0,840.0,1123.0,970.25,838.125,0.9350162426854148,-0.35460488704253545
H09-2025-W17,H09,reference_tertiary,central,173,2025,17,2025-04-21,1316,190,101,195,373,10,5,2190,145,308,469,1006,262,14.41,16.38,0,0,0.7614,complete,test,1,20260805,1.0.0,1080.0,1105.0,978.0,1217.0,1030.25,893.375,0.8854560256532099,-0.4647231720437685
H09-2025-W18,H09,reference_tertiary,central,174,2025,18,2025-04-28,1333,233,137,209,350,11,4,2277,162,357,451,1083,224,13.71,12.16,1,0,0.7933,extreme_but_valid,test,1,20260805,1.0.0,1316.0,1080.0,958.0,1277.0,1114.75,970.5,0.8229838658936565,-0.5680647467311557
H09-2025-W19,H09,reference_tertiary,central,175,2025,19,2025-05-05,1315,229,137,220,381,11,6,2299,161,356,482,1049,251,11.89,11.45,0,0,0.8439,extreme_but_valid,test,1,20260805,1.0.0,1333.0,1316.0,1105.0,1339.0,1208.5,1052.0,0.7485107481711013,-0.663122658240795
H09-2025-W20,H09,reference_tertiary,central,176,2025,20,2025-05-12,1333,227,125,200,380,12,5,2282,138,364,464,1084,232,11.57,13.45,0,0,0.8305,extreme_but_valid,test,1,20260805,1.0.0,1315.0,1333.0,1080.0,1276.0,1261.0,1115.625,0.6631226582407952,-0.7485107481711012
H09-2025-W21,H09,reference_tertiary,central,177,2025,21,2025-05-19,1350,205,137,197,368,10,5,2272,136,337,493,1053,253,10.95,18.69,0,0,0.9028,extreme_but_valid,test,1,20260805,1.0.0,1333.0,1315.0,1316.0,1301.0,1324.25,1177.25,0.5680647467311558,-0.8229838658936564
H09-2025-W22,H09,reference_tertiary,central,178,2025,22,2025-05-26,1272,223,112,224,375,9,3,2218,135,338,438,1033,274,9.93,14.06,0,0,0.7321,complete,test,1,20260805,1.0.0,1350.0,1333.0,1333.0,1214.0,1332.75,1223.75,0.46472317204376906,-0.8854560256532096
H09-2025-W23,H09,reference_tertiary,central,179,2025,23,2025-06-02,1245,221,121,195,361,7,4,2154,122,360,408,1053,211,9.45,17.07,0,0,0.8129,extreme_but_valid,test,1,20260805,1.0.0,1272.0,1350.0,1315.0,1249.0,1317.5,1263.0,0.35460488704253584,-0.9350162426854147
H09-2025-W24,H09,reference_tertiary,central,180,2025,24,2025-06-09,1210,212,102,189,357,7,4,2081,120,302,432,983,244,9.99,19.54,0,0,0.6562,complete,test,1,20260805,1.0.0,1245.0,1272.0,1333.0,1170.0,1300.0,1280.5,0.23931566428755768,-0.970941817426052
H09-2025-W25,H09,reference_tertiary,central,181,2025,25,2025-06-16,1065,149,99,170,344,5,1,1833,115,261,387,849,221,9.05,19.26,0,0,0.669,complete,test,1,20260805,1.0.0,1210.0,1245.0,1350.0,1024.0,1269.25,1296.75,0.12053668025532308,-0.992708874098054
H09-2025-W26,H09,reference_tertiary,central,182,2025,26,2025-06-23,1000,160,97,160,296,2,1,1716,108,236,353,807,212,8.08,20.43,0,0,0.6078,complete,test,1,20260805,1.0.0,1065.0,1210.0,1272.0,1056.0,1198.0,1265.375,-3.216245299353273e-16,-1.0
H09-2025-W27,H09,reference_tertiary,central,183,2025,27,2025-06-30,1060,147,99,142,308,3,0,1759,90,260,330,861,218,8.62,18.08,0,1,0.5078,complete,test,1,20260805,1.0.0,1000.0,1065.0,1245.0,921.0,1130.0,1223.75,-0.12053668025532283,-0.992708874098054
H09-2025-W28,H09,reference_tertiary,central,184,2025,28,2025-07-07,939,103,77,130,282,6,2,1539,98,211,289,744,197,8.54,20.0,0,1,0.6064,complete,test,1,20260805,1.0.0,1060.0,1000.0,1210.0,840.0,1083.75,1191.875,-0.23931566428755743,-0.9709418174260521
H09-2025-W29,H09,reference_tertiary,central,185,2025,29,2025-07-14,894,111,74,105,235,6,2,1427,82,184,292,687,182,7.88,17.85,0,1,0.4644,complete,test,1,20260805,1.0.0,939.0,1060.0,1065.0,738.0,1016.0,1142.625,-0.3546048870425356,-0.9350162426854148
H09-2025-W30,H09,reference_tertiary,central,186,2025,30,2025-07-21,834,94,58,93,234,8,2,1323,79,181,262,645,156,7.08,20.64,0,1,0.3245,complete,test,1,20260805,1.0.0,894.0,939.0,1000.0,714.0,973.25,1085.625,-0.46472317204376806,-0.8854560256532101
H09-2025-W31,H09,reference_tertiary,central,187,2025,31,2025-07-28,819,52,57,96,225,5,0,1254,81,182,250,611,130,7.16,21.02,0,0,0.3278,complete,test,1,20260805,1.0.0,834.0,894.0,1060.0,732.0,931.75,1030.875,-0.5680647467311556,-0.8229838658936565
H09-2025-W32,H09,reference_tertiary,central,188,2025,32,2025-08-04,808,61,49,103,220,7,3,1251,72,165,245,616,153,9.13,21.16,0,0,0.2809,complete,test,1,20260805,1.0.0,819.0,834.0,939.0,721.0,871.5,977.625,-0.663122658240795,-0.7485107481711013
H09-2025-W33,H09,reference_tertiary,central,189,2025,33,2025-08-11,725,41,55,86,218,4,2,1131,54,143,224,590,120,8.21,16.19,0,0,0.2236,complete,test,1,20260805,1.0.0,808.0,819.0,894.0,788.0,838.75,927.375,-0.7485107481711011,-0.6631226582407952
H09-2025-W34,H09,reference_tertiary,central,190,2025,34,2025-08-18,592,32,54,87,208,10,1,984,53,137,183,488,123,8.94,20.68,0,0,0.3385,complete,test,1,20260805,1.0.0,725.0,808.0,834.0,794.0,796.5,884.875,-0.8229838658936564,-0.5680647467311559
H09-2025-W35,H09,reference_tertiary,central,191,2025,35,2025-08-25,636,25,41,81,178,4,0,965,48,129,185,491,112,8.62,17.59,0,0,0.3001,complete,test,1,20260805,1.0.0,592.0,725.0,819.0,722.0,736.0,833.875,-0.8854560256532096,-0.4647231720437691
H09-2025-W36,H09,reference_tertiary,central,192,2025,36,2025-09-01,649,30,42,82,207,6,0,1016,65,120,197,500,134,10.42,13.72,0,0,0.3038,complete,test,1,20260805,1.0.0,636.0,592.0,808.0,688.0,690.25,780.875,-0.9350162426854147,-0.3546048870425359
