record_id,year,epi_week,week_start,observed,seasonal_naive_lag_52,sarima11111052,sarimax_plus_exogenous
H09-2025-W01,2025,1,2024-12-30,453,476.0,427.911,421.825
H09-2025-W02,2025,2,2025-01-06,432,308.0,350.209,367.185
H09-2025-W03,2025,3,2025-01-13,523,444.0,475.409,449.627
H09-2025-W04,2025,4,2025-01-20,489,468.0,477.362,478.047
H09-2025-W05,2025,5,2025-01-27,470,463.0,536.242,501.676
H09-2025-W06,2025,6,2025-02-03,511,559.0,554.86,542.873
H09-2025-W07,2025,7,2025-02-10,554,570.0,528.234,513.145
H09-2025-W08,2025,8,2025-02-17,638,634.0,589.394,566.396
H09-2025-W09,2025,9,2025-02-24,699,567.0,691.351,698.324
H09-2025-W10,2025,10,2025-03-03,681,638.0,702.009,694.605
H09-2025-W11,2025,11,2025-03-10,806,733.0,741.637,764.89
H09-2025-W12,2025,12,2025-03-17,840,839.0,799.364,799.603
H09-2025-W13,2025,13,2025-03-24,978,900.0,932.774,936.413
H09-2025-W14,2025,14,2025-03-31,958,974.0,951.401,987.608
H09-2025-W15,2025,15,2025-04-07,1105,1148.0,1087.777,1112.941
H09-2025-W16,2025,16,2025-04-14,1080,1123.0,1113.889,1138.87
H09-2025-W17,2025,17,2025-04-21,1316,1217.0,1163.166,1139.061
H09-2025-W18,2025,18,2025-04-28,1333,1277.0,1287.767,1319.968
H09-2025-W19,2025,19,2025-05-05,1315,1339.0,1308.592,1308.476
H09-2025-W20,2025,20,2025-05-12,1333,1276.0,1322.262,1334.503
H09-2025-W21,2025,21,2025-05-19,1350,1301.0,1259.234,1282.989
H09-2025-W22,2025,22,2025-05-26,1272,1214.0,1300.726,1337.595
H09-2025-W23,2025,23,2025-06-02,1245,1249.0,1246.279,1256.958
H09-2025-W24,2025,24,2025-06-09,1210,1170.0,1207.743,1252.861
H09-2025-W25,2025,25,2025-06-16,1065,1024.0,1172.487,1130.255
H09-2025-W26,2025,26,2025-06-23,1000,1056.0,1078.125,1104.716
H09-2025-W27,2025,27,2025-06-30,1060,921.0,948.094,949.226
H09-2025-W28,2025,28,2025-07-07,939,840.0,836.569,828.532
H09-2025-W29,2025,29,2025-07-14,894,738.0,786.391,792.694
H09-2025-W30,2025,30,2025-07-21,834,714.0,738.965,744.166
H09-2025-W31,2025,31,2025-07-28,819,732.0,705.852,678.673
H09-2025-W32,2025,32,2025-08-04,808,721.0,635.93,626.896
H09-2025-W33,2025,33,2025-08-11,725,788.0,615.612,597.062
H09-2025-W34,2025,34,2025-08-18,592,794.0,667.046,660.115
H09-2025-W35,2025,35,2025-08-25,636,722.0,754.064,732.007
H09-2025-W36,2025,36,2025-09-01,649,688.0,690.958,686.712
