establecimiento_codigo,n_test,MAE,RMSE,MAPE_percent
101100,52,105.11538461538461,124.8971884884031,43.26071489476958
102100,52,26.865384615384617,34.82511251293327,39.871309305800644
103100,52,35.42307692307692,42.42686014234923,58.22860770574058
103101,52,31.5,39.259981582346086,73.98686117381209
103102,52,21.26923076923077,26.9729208937123,58.13796846411686
103103,52,23.03846153846154,27.816016415561183,49.11826011010809
103104,52,12.442307692307692,14.978831216599799,159.97530702653972
104100,52,25.423076923076923,33.73539570061278,45.344747156610005
104101,52,19.134615384615383,27.384372297970355,42.996184304118756
104102,52,22.346153846153847,30.293436709827226,51.817172970796676
104103,52,23.173076923076923,30.5081956201936,41.95529971753702
104104,52,20.596153846153847,29.49934810231471,45.118109506894456
105100,52,43.94230769230769,57.481936962171666,58.367881055866825
105101,52,13.26923076923077,18.215589266002137,39.1850353438126
105102,52,25.653846153846153,31.284673072141402,55.540310703917875
105103,52,12.692307692307692,16.22794361113428,61.132330293482994
105104,52,13.5,17.96792013133835,52.56455374393567
105105,52,10.211538461538462,14.531795378516618,62.97937968662166
105106,52,14.51923076923077,18.940696924875812,64.12737931547974
105108,52,18.25,22.53074822070087,35.32951199702675
106100,52,31.826923076923077,45.96298678117159,20.72170967021372
106103,52,24.25,30.621447988674163,25.722425844548972
106105,52,15.634615384615385,20.54404274498309,29.714317663559047
107100,52,19.23076923076923,24.138223757224686,19.50979162821633
107101,52,26.0,34.73304788504193,27.269995840049976
107102,51,34.666666666666664,54.963802705445495,65.85055206535125
107103,52,10.711538461538462,13.49145028413294,40.98271197175067
107104,52,19.03846153846154,24.58032358803089,35.41405712683379
107105,52,14.923076923076923,19.75815313698665,45.59124190345235
107106,52,20.25,31.446841592659926,54.78428161612692
107107,52,9.942307692307692,13.13612166157471,29.037640792469055
107108,52,27.346153846153847,36.0741757195664,49.667606140485034
107109,52,13.557692307692308,19.775178692181072,65.10912141589463
108100,52,15.615384615384615,20.252255334995315,30.307655977011915
108101,52,20.134615384615383,25.03727989649404,31.368470598848226
108102,52,28.78846153846154,37.41014876700213,47.46814553019932
108104,52,14.5,18.148956316676045,42.73277870797623
108105,52,0.057692307692307696,0.31008683647302115,100.0
109100,52,4.653846153846154,5.87694321381971,86.09094064976418
109101,52,36.23076923076923,44.33656244264737,21.727128063584875
109104,52,30.557692307692307,41.399321807897365,84.55387831282628
110100,52,4.8076923076923075,6.418123377772329,35.98074169430958
110120,52,29.73076923076923,38.07937055071238,26.69356961088585
110130,52,15.846153846153847,22.24340870391116,59.163751015158205
110140,52,37.51923076923077,51.32644392663344,40.99659547398026
110150,52,16.73076923076923,20.37626824745659,33.250066064359515
110160,52,28.71153846153846,38.14471432281582,26.928416240546987
111100,52,35.46153846153846,47.26236102048615,26.50869115543788
111101,52,34.17307692307692,48.82720710675713,29.39074962847752
111195,52,20.73076923076923,38.23711447111201,62.97382357196386
112100,52,3.9038461538461537,5.282409124049949,96.94561848408003
112101,52,7.576923076923077,11.313708498984761,109.53271621540853
112102,52,47.44230769230769,59.00211860602973,93.19942728980651
112107,52,17.057692307692307,23.41063203563057,56.93852955639741
113100,52,5.25,7.6422409117906085,68.00654466296584
113130,52,50.73076923076923,65.15484514718645,30.061923434105964
113150,52,17.326923076923077,21.279730333745377,34.771419602782785
113180,52,19.48076923076923,27.67566273266654,27.534376706155516
113190,52,7.153846153846154,10.203694655142549,68.9821640067903
114101,52,33.30769230769231,43.81253772082212,35.18667650598235
114102,52,21.96153846153846,31.70416133812478,42.04480697469343
114103,52,42.59615384615385,54.90428734835531,25.047466102157095
114105,52,22.76923076923077,29.183108918582445,95.3053590310313
115100,52,37.25,51.76370127058892,46.732482995640154
115101,52,36.36538461538461,44.55269136306254,33.868206325960465
115102,52,7.134615384615385,12.056756803360704,185.11979622444738
115103,52,26.173076923076923,30.717384203536803,67.52915713126991
115104,52,0.0,0.0,
115105,52,15.442307692307692,18.02828973500345,46.547843962519785
115106,52,24.73076923076923,30.01602136295779,37.254459019998414
115107,52,99.34615384615384,108.11496729799327,1041.0228566461963
115108,52,5.480769230769231,7.420087082217587,213.02078995173622
115109,52,39.86538461538461,49.19134539264464,73.76467725562588
115110,52,21.78846153846154,28.207677623708708,169.30636840704778
115111,52,10.846153846153847,15.183493061165521,43.53146898920212
115112,52,24.25,33.80742977057422,725.2007360212574
115113,52,13.01923076923077,17.02656295773889,38.520157512543115
115114,52,20.923076923076923,27.5415769617221,229.24810395259993
116100,52,26.46153846153846,33.25657829663178,33.11691393921493
116101,52,20.365384615384617,29.200566380176205,55.039181107144564
116102,52,17.942307692307693,26.31137513583168,55.424567620572574
116103,52,10.038461538461538,14.002746983250217,50.013224340336784
116104,52,9.673076923076923,11.669322042135821,55.27199959603484
116105,52,19.865384615384617,27.33587386567329,25.459295797412455
116106,52,12.711538461538462,17.551572359982234,89.17144472869433
116107,52,22.903846153846153,32.28627953409693,92.05080124590476
116108,52,14.653846153846153,19.15523627948966,29.53218667432057
116109,52,36.78846153846154,47.81675760329539,102.8694910386385
116110,52,29.057692307692307,39.10267549374634,66.40054150915091
116111,52,8.557692307692308,10.965856099730654,55.54889700095832
116112,52,24.653846153846153,31.19787961236616,55.54155670278861
117101,52,39.78846153846154,55.71752244754165,52.791872444204046
117102,52,55.21153846153846,67.45268997316107,59.846316084656536
117103,52,37.0,48.10005597310033,49.52114133939104
117104,52,45.19230769230769,65.25011052156864,46.811442120640315
117106,52,19.78846153846154,25.49019419306177,55.84320726055655
117107,52,23.634615384615383,35.030481232558245,27.7403134456701
117108,52,20.557692307692307,26.207382987946794,33.3478672513533
118100,52,24.576923076923077,30.00897301705711,36.163826178780766
118105,52,65.67307692307692,81.94897568233917,56.102272245659634
118106,52,33.75,41.91910708091882,44.20292399195673
118107,52,23.98076923076923,29.106237766552326,43.44992711740835
118108,52,26.134615384615383,31.688083176244906,42.24374221536015
119100,52,23.192307692307693,26.824214089856603,34.458773565719824
119101,52,13.365384615384615,15.837516316547966,61.602211165562835
119102,52,28.76923076923077,36.3529704637525,55.92760874490467
120101,52,48.28846153846154,69.3695510680631,42.791662205851495
120102,52,67.53846153846153,81.76514209330564,54.78070497471553
120103,52,23.51923076923077,29.979800892241787,37.867868061782204
120104,52,31.21153846153846,37.99215506066807,39.233996418387356
120105,52,21.326923076923077,28.62119978133476,40.156260068162794
120106,52,21.53846153846154,27.027763503479157,45.694079458316416
120107,52,19.53846153846154,26.056152381406523,45.43495895689039
121109,52,35.28846153846154,52.7182277629051,29.044876841436295
121110,52,19.173076923076923,23.904055014868213,58.20055999450923
121111,52,23.057692307692307,29.396166678405798,40.10970684545324
121112,52,22.846153846153847,28.759613777229077,40.12215210890693
121113,52,23.01923076923077,30.73178009312685,62.364658300736174
121114,52,14.26923076923077,20.24750696904531,59.532057854317166
121115,52,37.57692307692308,48.7134478352744,72.89037007322544
121116,52,15.538461538461538,21.670611080802143,52.18339626884618
121117,52,15.923076923076923,19.923893657152924,97.23364534086981
121118,52,11.75,14.722431864335457,33.84008046057901
121119,52,16.21153846153846,21.593713472639706,57.75754120393207
121120,52,18.134615384615383,22.518795568283707,35.663143650921384
121121,52,24.576923076923077,30.306764921383476,80.86086378094035
121200,52,28.807692307692307,36.68105778191245,41.78253171018371
121201,52,18.942307692307693,24.081192789267025,40.30379036362411
122100,52,32.21153846153846,39.53503801401019,32.329857393533146
122101,52,16.51923076923077,24.80113210815494,82.21124531517893
122102,52,27.75,40.87622028289045,52.603849510229296
122103,52,16.557692307692307,19.92148048251898,67.8966110997205
122104,52,28.673076923076923,36.68656220135441,43.43564968704886
122105,52,17.192307692307693,20.887058930573033,38.50341691039228
122106,52,29.75,35.624375837987024,66.04972439970729
122200,52,30.076923076923077,37.990889596160976,38.238152878886176
122201,52,45.38461538461539,51.98668468574799,516.2181063459268
123100,52,42.61538461538461,53.823786563191554,29.850556573946392
123101,52,22.78846153846154,27.7519923054738,38.868981932741406
123102,52,24.942307692307693,31.334731283599428,29.066315169494768
123103,52,14.615384615384615,18.81488772222678,38.941736891772585
123104,52,6.673076923076923,9.14940098921992,73.86164661334706
123105,51,4.647058823529412,5.761603807220047,69.84016069929382
124105,52,24.807692307692307,34.74799385465407,28.94673658955777
124110,52,22.03846153846154,26.922252734637425,29.677660790126904
124115,52,14.788461538461538,20.324767005950005,36.48282925279413
124120,52,14.711538461538462,18.242490551963062,44.569164530326695
124125,52,12.26923076923077,14.952488858946628,45.17384856357565
124130,52,39.94230769230769,51.35828148335064,38.599599668238014
124140,51,8.215686274509803,10.15082339942305,110.23871156747624
124145,52,17.115384615384617,22.240814871623883,113.51918789334053
125100,52,71.6923076923077,108.01620248833042,33.028956274966454
125101,52,21.442307692307693,26.5493010193373,32.43177533001555
125102,51,13.607843137254902,21.63874520663449,59.78387555270276
125103,52,6.576923076923077,8.503392987960295,93.8224444610133
125104,52,7.653846153846154,10.834418091647349,97.89772671688843
126100,52,56.23076923076923,79.22460767677214,83.38578727822976
126101,52,28.846153846153847,36.7632759902931,30.105174219717647
126102,52,18.076923076923077,23.936615016780014,51.496225584533406
126704,52,6.576923076923077,8.371196036225832,51.466367738318866
128109,52,22.653846153846153,26.715020263745032,65.74956220177633
128110,52,24.03846153846154,28.28699075818858,44.11478622386242
128111,52,31.634615384615383,43.97661091639859,39.48526062006191
128112,52,11.057692307692308,16.114374853622987,39.75369215934029
128113,52,35.65384615384615,45.88069813699941,55.65792658670233
129100,52,41.82692307692308,60.10647603660076,39.21121652852913
129101,52,24.903846153846153,30.596945548911854,27.25534559571391
129103,52,47.63461538461539,61.13619725976269,48.21402687244595
129104,52,30.115384615384617,40.011536797817165,35.43564261516254
129107,52,46.82692307692308,87.95464303133309,62.30877272061289
129108,52,19.5,25.389276961256392,107.79699537514654
133150,52,6.615384615384615,8.442110563670129,50.07427820787692
133155,52,17.96153846153846,22.355519022586588,78.90676693909681
133160,52,13.634615384615385,17.503296392833683,46.40806008534403
133165,52,17.307692307692307,23.310611647586928,59.897964019995
133170,52,8.346153846153847,10.573915656354192,34.89988931186704
200076,52,13.403846153846153,20.20234182921909,63.69208626307663
200717,52,29.153846153846153,36.445955774374916,38.7440359966092
