,high_respiratory_infection,high_respiratory_infection,high_respiratory_infection,high_respiratory_infection,influenza,influenza,influenza,influenza,pneumonia,pneumonia,pneumonia,pneumonia,bronchial_crisis,bronchial_crisis,bronchial_crisis,bronchial_crisis,other_respiratory,other_respiratory,other_respiratory,other_respiratory,covid19_identified,covid19_identified,covid19_identified,covid19_identified,covid19_unidentified,covid19_unidentified,covid19_unidentified,covid19_unidentified,respiratory_total,respiratory_total,respiratory_total,respiratory_total
,mean,std,min,max,mean,std,min,max,mean,std,min,max,mean,std,min,max,mean,std,min,max,mean,std,min,max,mean,std,min,max,mean,std,min,max
site_id,,,,,,,,,,,,,,,,,,,,,,,,,,,,,,,,
H01,293.52,95.12,128,500,34.85,30.7,0,113,29.49,15.1,7,67,48.46,24.32,10,111,102.88,33.77,47,177,14.65,11.95,0,63,4.82,4.41,0,23,528.68,192.94,268,933
H02,384.55,135.21,195,681,45.3,38.85,3,138,37.13,20.04,9,91,62.77,32.68,19,151,132.17,42.86,68,239,19.01,16.06,1,74,6.42,5.74,0,28,687.33,261.51,334,1249
H03,428.96,146.98,181,727,48.75,43.09,3,161,42.24,21.85,10,92,70.11,35.65,25,154,147.43,51.13,75,279,20.14,16.75,2,89,7.32,6.37,0,36,764.96,291.91,364,1414
H04,544.85,188.61,277,954,59.57,52.08,3,183,50.11,25.06,17,114,83.58,41.68,31,175,179.94,58.22,92,313,25.02,20.12,1,94,8.57,7.04,0,32,951.64,355.14,505,1704
H05,471.18,167.74,225,862,54.95,47.8,2,169,44.33,23.48,11,114,76.92,37.05,28,162,160.24,53.63,81,277,22.9,19.57,0,102,8.1,7.03,0,34,838.61,319.28,426,1512
H06,610.45,218.72,261,1114,66.16,57.46,6,186,56.17,29.27,13,123,92.06,47.11,33,199,195.72,65.52,104,336,27.82,23.5,2,110,9.23,8.3,0,46,1057.61,408.93,476,1913
H07,470.33,171.59,174,816,53.48,47.06,4,164,45.04,22.51,12,101,72.97,37.28,23,158,157.4,51.65,74,277,22.26,18.58,1,86,7.87,7.24,0,38,829.35,322.2,408,1456
H08,570.16,207.17,215,1073,63.54,55.13,6,193,52.94,28.09,15,119,89.19,43.55,31,188,189.33,62.14,101,325,27.73,23.11,1,118,9.46,8.3,0,40,1002.34,386.75,443,1876
H09,764.12,286.38,308,1350,79.69,70.15,5,233,65.76,33.11,22,141,111.47,54.36,36,233,237.39,77.56,128,392,32.78,27.62,2,125,11.48,10.71,0,53,1302.69,512.32,602,2299
