field,data_type,unit,example_or_range,description,constraint
record_id,string,,H09-2025-W01,Unique synthetic site-week identifier.,non-null; unique
site_id,string,,H01--H09,Artificial hospital-site identifier.,nine categories
site_profile,category,,reference_tertiary,Synthetic operational profile.,four categories
region_group,category,,central,Synthetic climate group; not an administrative region.,"north, central, south"
sequence_index,integer,week index,1--192,Chronological position within each site.,1 to 192
year,integer,year,2022--2025,Calendar year associated with epidemiological week.,2022 to 2025
epi_week,integer,week,1--52,Epidemiological week.,1 to 52; 2025 ends at 36
week_start,date,YYYY-MM-DD,2022-01-03,Monday starting the epidemiological week.,ISO date
high_respiratory_infection,integer,consultations,128--1350,Primary synthetic forecasting target.,non-negative
influenza,integer,consultations,0+,Synthetic influenza consultations.,non-negative
pneumonia,integer,consultations,0+,Synthetic pneumonia consultations.,non-negative
bronchial_crisis,integer,consultations,0+,Synthetic bronchial-crisis consultations.,non-negative
other_respiratory,integer,consultations,0+,Synthetic other-respiratory consultations.,non-negative
covid19_identified,integer,consultations,0+,Synthetic identified COVID-19 consultations.,non-negative
covid19_unidentified,integer,consultations,0+,Synthetic unidentified COVID-19 consultations.,non-negative
respiratory_total,integer,consultations,268--2299,Sum of the seven cause-specific counts.,exact cause sum
age_lt1,integer,consultations,0+,Total respiratory consultations younger than one year.,non-negative
age_1_4,integer,consultations,0+,Total respiratory consultations aged 1--4 years.,non-negative
age_5_14,integer,consultations,0+,Total respiratory consultations aged 5--14 years.,non-negative
age_15_64,integer,consultations,0+,Total respiratory consultations aged 15--64 years.,non-negative
age_65_plus,integer,consultations,0+,Total respiratory consultations aged 65 years or older.,non-negative
mean_temperature_c,float,degrees Celsius,3.01--24.77,Synthetic weekly mean temperature proxy.,finite
precipitation_mm,float,millimetres,0.19--39.72,Synthetic weekly precipitation proxy.,non-negative
holiday_week,binary,0/1,0,Indicates a week containing a selected public-holiday period.,0 or 1
school_vacation_week,binary,0/1,0,Indicates winter school-vacation weeks.,0 or 1
outbreak_intensity,float,index,0+,Latent synthetic respiratory-outbreak intensity.,non-negative
data_quality_flag,category,,complete,Quality interpretation for extreme values.,complete or extreme_but_valid
recommended_split,category,,train,Chronological benchmark partition.,train or test
is_synthetic,binary,0/1,1,Mandatory indicator that no observation is real.,always 1
generator_seed,integer,,20260805,Pseudorandom generator seed.,always 20260805
dataset_version,string,,1.0.0,Semantic dataset release version.,version string
